/*!40101 SET @OLD_CHARACTER_SET_CLIENT=@@CHARACTER_SET_CLIENT */;
/*!40101 SET NAMES utf8 */;
/*!50503 SET NAMES utf8mb4 */;
/*!40103 SET @OLD_TIME_ZONE=@@TIME_ZONE */;
/*!40103 SET TIME_ZONE='+00:00' */;
/*!40014 SET @OLD_FOREIGN_KEY_CHECKS=@@FOREIGN_KEY_CHECKS, FOREIGN_KEY_CHECKS=0 */;
/*!40101 SET @OLD_SQL_MODE=@@SQL_MODE, SQL_MODE='NO_AUTO_VALUE_ON_ZERO' */;
/*!40111 SET @OLD_SQL_NOTES=@@SQL_NOTES, SQL_NOTES=0 */;

CREATE DATABASE IF NOT EXISTS `db_donswebadmin` /*!40100 DEFAULT CHARACTER SET utf8mb4 COLLATE utf8mb4_0900_ai_ci */ /*!80016 DEFAULT ENCRYPTION='N' */;
USE `db_donswebadmin`;

CREATE TABLE IF NOT EXISTS `all_cities` (
  `city_id` int NOT NULL AUTO_INCREMENT,
  `city_name` text,
  `city_code` text,
  `state_id` text,
  PRIMARY KEY (`city_id`)
) ENGINE=InnoDB AUTO_INCREMENT=880 DEFAULT CHARSET=utf8mb4 COLLATE=utf8mb4_0900_ai_ci;

INSERT INTO `all_cities` (`city_id`, `city_name`, `city_code`, `state_id`) VALUES
	(1, 'Chandigarh', NULL, '6'),
	(2, 'Dimapur', NULL, '25'),
	(3, 'Kohima', NULL, '25'),
	(4, 'Mani Marja', NULL, '6'),
	(5, 'Mokokchung', NULL, '25'),
	(6, 'Mon', NULL, '25'),
	(7, 'Phek', NULL, '25'),
	(8, 'Tuensang', NULL, '25'),
	(9, 'Bastar', NULL, '7'),
	(10, 'Wokha', NULL, '25'),
	(11, 'Bhilai', NULL, '7'),
	(12, 'Zunheboto', NULL, '25'),
	(13, 'Bijapur', '', '7'),
	(14, 'Bilaspur', NULL, '7'),
	(15, 'Angul', NULL, '26'),
	(16, 'Balangir', NULL, '26'),
	(17, 'Dhamtari', NULL, '7'),
	(18, 'Balasore', NULL, '26'),
	(19, 'Durg', NULL, '7'),
	(20, 'Baleswar', NULL, '26'),
	(21, 'Bargarh', NULL, '26'),
	(22, 'Berhampur', NULL, '26'),
	(23, 'Janjgir-Champa', NULL, '7'),
	(24, 'Jashpur', NULL, '7'),
	(25, 'Bhadrak', NULL, '26'),
	(26, 'Kabirdham-Kawardha', NULL, '7'),
	(27, 'Bhubaneswar', NULL, '26'),
	(28, 'Korba', NULL, '7'),
	(29, 'Boudh', NULL, '26'),
	(30, 'Korea', NULL, '7'),
	(31, 'Cuttack', NULL, '26'),
	(32, 'Mahasamund', NULL, '7'),
	(33, 'Deogarh', NULL, '26'),
	(34, 'Dhenkanal', NULL, '26'),
	(35, 'Gajapati', NULL, '26'),
	(36, 'Narayanpur', NULL, '7'),
	(37, 'Norh Bastar-Kanker', NULL, '7'),
	(38, 'Raigarh', NULL, '7'),
	(39, 'Raipur', NULL, '7'),
	(40, 'Rajnandgaon', NULL, '7'),
	(41, 'South Bastar-Dantewada', NULL, '7'),
	(42, 'Surguja', NULL, '7'),
	(43, 'Ganjam', NULL, '26'),
	(44, 'Jagatsinghapur', NULL, '26'),
	(45, 'Jajpur', NULL, '26'),
	(46, 'Jharsuguda', NULL, '26'),
	(47, 'Kalahandi', NULL, '26'),
	(48, 'Kandhamal', NULL, '26'),
	(49, 'Kendrapara', NULL, '26'),
	(50, 'Kendujhar', NULL, '26'),
	(51, 'Khordha', NULL, '26'),
	(52, 'Koraput', NULL, '26'),
	(53, 'Malkangiri', NULL, '26'),
	(54, 'Amal', NULL, '8'),
	(55, 'Amli', NULL, '8'),
	(56, 'Bedpa', NULL, '8'),
	(57, 'Mayurbhanj', NULL, '26'),
	(58, 'Alipur', NULL, '1'),
	(59, 'Chikhli', NULL, '8'),
	(60, 'Dadra & Nagar Haveli', NULL, '8'),
	(61, 'Dahikhed', NULL, '8'),
	(62, 'Andaman Island', NULL, '1'),
	(63, 'Dolara', NULL, '8'),
	(64, 'Nabarangapur', NULL, '26'),
	(65, 'Galonda', NULL, '8'),
	(66, 'Nayagarh', NULL, '26'),
	(67, 'Kanadi', NULL, '8'),
	(68, 'Nuapada', NULL, '26'),
	(69, 'Karchond', NULL, '8'),
	(70, 'Puri', NULL, '26'),
	(71, 'Khadoli', NULL, '8'),
	(72, 'Rayagada', NULL, '26'),
	(73, 'Rourkela', NULL, '26'),
	(74, 'Sambalpur', NULL, '26'),
	(75, 'Subarnapur', NULL, '26'),
	(76, 'Kharadpada', NULL, '8'),
	(77, 'Sundergarh', NULL, '26'),
	(78, 'Bahur', NULL, '27'),
	(79, 'Karaikal', NULL, '27'),
	(80, 'Kherabari', NULL, '8'),
	(81, 'Kherdi', NULL, '8'),
	(82, 'Mahe', NULL, '27'),
	(83, 'Kothar', NULL, '8'),
	(84, 'Pondicherry', NULL, '27'),
	(85, 'Luari', NULL, '8'),
	(86, 'Purnankuppam', NULL, '27'),
	(87, 'Mashat', NULL, '8'),
	(88, 'Valudavur', NULL, '27'),
	(89, 'Rakholi', NULL, '8'),
	(90, 'Villianur', NULL, '27'),
	(91, 'Rudana', NULL, '8'),
	(92, 'Saili', NULL, '8'),
	(93, 'Sili', NULL, '8'),
	(94, 'Yanam', NULL, '27'),
	(95, 'Silvassa', NULL, '8'),
	(96, 'Amritsar', NULL, '28'),
	(97, 'Sindavni', NULL, '8'),
	(98, 'Barnala', NULL, '28'),
	(99, 'Bathinda', NULL, '28'),
	(100, 'Faridkot', NULL, '28'),
	(101, 'Fatehgarh Sahib', NULL, '28'),
	(102, 'Udva', NULL, '8'),
	(103, 'Umbarkoi', NULL, '8'),
	(104, 'Vansda', NULL, '8'),
	(105, 'Ferozepur', NULL, '28'),
	(106, 'Vasona', NULL, '8'),
	(107, 'Gurdaspur', NULL, '28'),
	(108, 'Velugam', NULL, '8'),
	(109, 'Hoshiarpur', NULL, '28'),
	(110, 'Jalandhar', NULL, '28'),
	(111, 'Anderson Island', NULL, '1'),
	(112, 'Kapurthala', NULL, '28'),
	(113, 'Brancavare', NULL, '9'),
	(114, 'Arainj-Laka-Punga', NULL, '1'),
	(115, 'Ludhiana', NULL, '28'),
	(116, 'Dagasi', NULL, '9'),
	(117, 'Austinabad', NULL, '1'),
	(118, 'Mansa', NULL, '28'),
	(119, 'Daman', 'C879', '9'),
	(120, 'Moga', NULL, '28'),
	(121, 'Diu', NULL, '9'),
	(122, 'Muktsar', NULL, '28'),
	(123, 'Magarvara', NULL, '9'),
	(124, 'Nawanshahr', NULL, '28'),
	(125, 'Nagwa', NULL, '9'),
	(126, 'Bamboo Flat', NULL, '1'),
	(127, 'Barren Island', NULL, '1'),
	(128, 'Beadonabad', NULL, '1'),
	(129, 'Pathankot', NULL, '28'),
	(130, 'Pariali', NULL, '9'),
	(131, 'Patiala', NULL, '28'),
	(132, 'Passo Covo', NULL, '9'),
	(133, 'Central Delhi', NULL, '10'),
	(134, 'Betapur', NULL, '1'),
	(135, 'East Delhi', NULL, '10'),
	(136, 'Bindraban', NULL, '1'),
	(137, 'New Delhi', NULL, '10'),
	(138, 'Rupnagar', NULL, '28'),
	(139, 'Bonington', NULL, '1'),
	(140, 'North Delhi', NULL, '10'),
	(141, 'Sangrur', NULL, '28'),
	(142, 'Brookesabad', NULL, '1'),
	(143, 'North East Delhi', NULL, '10'),
	(144, 'SAS Nagar', NULL, '28'),
	(145, 'Cadell Point', NULL, '1'),
	(146, 'North West Delhi', NULL, '10'),
	(147, 'Tarn Taran', NULL, '28'),
	(148, 'Old Delhi', NULL, '10'),
	(149, 'Ajmer', NULL, '29'),
	(150, 'South Delhi', NULL, '10'),
	(151, 'Alwar', NULL, '29'),
	(152, 'Calicut', NULL, '1'),
	(153, 'Banswara', NULL, '29'),
	(154, 'Baran', NULL, '29'),
	(155, 'Chetamale', NULL, '1'),
	(156, 'Barmer', NULL, '29'),
	(157, 'Cinque Islands', NULL, '1'),
	(158, 'Bharatpur', NULL, '29'),
	(159, 'Defence Island', NULL, '1'),
	(160, 'Bhilwara', NULL, '29'),
	(161, 'South West Delhi', NULL, '10'),
	(162, 'Digilpur', NULL, '1'),
	(163, 'Bikaner', NULL, '29'),
	(164, 'West Delhi', NULL, '10'),
	(165, 'Dolyganj', NULL, '1'),
	(166, 'Bundi', NULL, '29'),
	(167, 'Flat Island', NULL, '1'),
	(168, 'Chittorgarh', NULL, '29'),
	(169, 'Geinyale', NULL, '1'),
	(170, 'Churu', NULL, '29'),
	(171, 'Canacona', NULL, '11'),
	(172, 'Candolim', NULL, '11'),
	(173, 'Dausa', NULL, '29'),
	(174, 'Chinchinim', NULL, '11'),
	(175, 'Dholpur', NULL, '29'),
	(176, 'Cortalim', NULL, '11'),
	(177, 'Dungarpur', NULL, '29'),
	(178, 'Goa', NULL, '11'),
	(179, 'Hanumangarh', NULL, '29'),
	(180, 'Jua', NULL, '11'),
	(181, 'Jaipur', NULL, '29'),
	(182, 'Madgaon', NULL, '11'),
	(183, 'Jaisalmer', NULL, '29'),
	(184, 'Mahem', NULL, '11'),
	(185, 'Jalore', NULL, '29'),
	(186, 'Mapuca', NULL, '11'),
	(187, 'Jhalawar', NULL, '29'),
	(188, 'Marmagao', NULL, '11'),
	(189, 'Panji', NULL, '11'),
	(190, 'Jhunjhunu', NULL, '29'),
	(191, 'Ponda', NULL, '11'),
	(192, 'Jodhpur', NULL, '29'),
	(193, 'Karauli', NULL, '29'),
	(194, 'Sanvordem', NULL, '11'),
	(195, 'Kota', NULL, '29'),
	(196, 'Terekhol', NULL, '11'),
	(197, 'Nagaur', NULL, '29'),
	(198, 'Ahmedabad', NULL, '12'),
	(199, 'Pali', NULL, '29'),
	(200, 'Pilani', NULL, '29'),
	(201, 'Rajsamand', NULL, '29'),
	(202, 'Amreli', NULL, '12'),
	(203, 'Anand', NULL, '12'),
	(204, 'Banaskantha', NULL, '12'),
	(205, 'Baroda', NULL, '12'),
	(206, 'Sawai Madhopur', NULL, '29'),
	(207, 'Bharuch', NULL, '12'),
	(208, 'Sikar', NULL, '29'),
	(209, 'Bhavnagar', NULL, '12'),
	(210, 'Sirohi', NULL, '29'),
	(211, 'Dahod', NULL, '12'),
	(212, 'Dang', NULL, '12'),
	(213, 'Sri Ganganagar', NULL, '29'),
	(214, 'Tonk', NULL, '29'),
	(215, 'Udaipur', NULL, '29'),
	(216, 'Dwarka', NULL, '12'),
	(217, 'Barmiak', NULL, '30'),
	(218, 'Gandhinagar', NULL, '12'),
	(219, 'Be', NULL, '30'),
	(220, 'Jamnagar', NULL, '12'),
	(221, 'Bhurtuk', NULL, '30'),
	(222, 'Chhubakha', NULL, '30'),
	(223, 'Junagadh', NULL, '12'),
	(224, 'Chidam', NULL, '30'),
	(225, 'Kheda', NULL, '12'),
	(226, 'Chubha', NULL, '30'),
	(227, 'Kutch', NULL, '12'),
	(228, 'Chumikteng', NULL, '30'),
	(229, 'Mehsana', NULL, '12'),
	(230, 'Dentam', NULL, '30'),
	(231, 'Nadiad', NULL, '12'),
	(232, 'Dikchu', NULL, '30'),
	(233, 'Narmada', NULL, '12'),
	(234, 'Dzongri', NULL, '30'),
	(235, 'Navsari', NULL, '12'),
	(236, 'Gangtok', NULL, '30'),
	(237, 'Panchmahals', NULL, '12'),
	(238, 'Gauzing', NULL, '30'),
	(239, 'Patan', NULL, '12'),
	(240, 'Gyalshing', NULL, '30'),
	(241, 'Porbandar', NULL, '12'),
	(242, 'Hema', NULL, '30'),
	(243, 'Rajkot', NULL, '12'),
	(244, 'Kerung', NULL, '30'),
	(245, 'Sabarkantha', NULL, '12'),
	(246, 'Lachen', NULL, '30'),
	(247, 'Surat', NULL, '12'),
	(248, 'Lachung', NULL, '30'),
	(249, 'Surendranagar', NULL, '12'),
	(250, 'Lema', NULL, '30'),
	(251, 'Lingtam', NULL, '30'),
	(252, 'Vadodara', NULL, '12'),
	(253, 'Lungthu', NULL, '30'),
	(254, 'Valsad', NULL, '12'),
	(255, 'Vapi', NULL, '12'),
	(256, 'Ambala', NULL, '13'),
	(257, 'Great Coco Island', NULL, '1'),
	(258, 'Bhiwani', NULL, '13'),
	(259, 'Mangan', NULL, '30'),
	(260, 'Faridabad', NULL, '13'),
	(261, 'Namchi', NULL, '30'),
	(262, 'Haddo', NULL, '1'),
	(263, 'Namthang', NULL, '30'),
	(264, 'Havelock Island', 'C1', '1'),
	(265, 'Nanga', NULL, '30'),
	(266, 'Henry Lawrence Island', NULL, '1'),
	(267, 'Nantang', NULL, '30'),
	(268, 'Fatehabad', NULL, '13'),
	(269, 'Herbertabad', NULL, '1'),
	(270, 'Naya Bazar', NULL, '30'),
	(271, 'Gurgaon', NULL, '13'),
	(272, 'Hobdaypur', NULL, '1'),
	(273, 'Padamachen', NULL, '30'),
	(274, 'Ilichar', NULL, '1'),
	(275, 'Ingoie', NULL, '1'),
	(276, 'Hisar', NULL, '13'),
	(277, 'Inteview Island', NULL, '1'),
	(278, 'Jhajjar', NULL, '13'),
	(279, 'Jangli Ghat', NULL, '1'),
	(280, 'Pakhyong', NULL, '30'),
	(281, 'Jind', NULL, '13'),
	(282, 'Jhon Lawrence Island', NULL, '1'),
	(283, 'Pemayangtse', NULL, '30'),
	(284, 'Kaithal', NULL, '13'),
	(285, 'Phensang', NULL, '30'),
	(286, 'Karnal', NULL, '13'),
	(287, 'Rangli', NULL, '30'),
	(288, 'Karen', NULL, '1'),
	(289, 'Kurukshetra', NULL, '13'),
	(290, 'Rinchingpong', NULL, '30'),
	(291, 'Mahendragarh', NULL, '13'),
	(292, 'Mewat', NULL, '13'),
	(293, 'Panchkula', NULL, '13'),
	(294, 'Kartara', NULL, '1'),
	(295, 'Sakyong', NULL, '30'),
	(296, 'KYD Islannd', NULL, '1'),
	(297, 'Samdong', NULL, '30'),
	(298, 'Panipat', NULL, '13'),
	(299, 'Landfall Island', NULL, '1'),
	(300, 'Singtam', NULL, '30'),
	(301, 'Rewari', NULL, '13'),
	(302, 'Little Andmand', NULL, '1'),
	(303, 'Siniolchu', NULL, '30'),
	(304, 'Rohtak', NULL, '13'),
	(305, 'Little Coco Island', NULL, '1'),
	(306, 'Sombari', NULL, '30'),
	(307, 'Sirsa', NULL, '13'),
	(308, 'Long Island', NULL, '1'),
	(309, 'Soreng', NULL, '30'),
	(310, 'Maimyo', NULL, '1'),
	(311, 'Sonipat', NULL, '13'),
	(312, 'Sosing', NULL, '30'),
	(313, 'Malappuram', NULL, '1'),
	(314, 'Yamunanagar', NULL, '13'),
	(315, 'Tekhug', NULL, '30'),
	(316, 'Manglutan', NULL, '1'),
	(317, 'Bilaspur', NULL, '14'),
	(318, 'Temi', NULL, '30'),
	(319, 'Manpur', NULL, '1'),
	(320, 'Tsetang', NULL, '30'),
	(321, 'Mitha Khari', NULL, '1'),
	(322, 'Tsomgo', NULL, '30'),
	(323, 'Chamba', NULL, '14'),
	(324, 'Dalhousie', NULL, '14'),
	(325, 'Tumlong', NULL, '30'),
	(326, 'Hamirpur', NULL, '14'),
	(327, 'Neill Island', NULL, '1'),
	(328, 'Kangra', NULL, '14'),
	(329, 'Kinnaur', NULL, '14'),
	(330, 'Nicobar Island', NULL, '1'),
	(331, 'Yangang', NULL, '30'),
	(332, 'North Brother Island', NULL, '1'),
	(333, 'Yumtang', NULL, '30'),
	(334, 'North Passage Island', NULL, '1'),
	(335, 'Chennai', NULL, '31'),
	(336, 'North Sentinel Island', NULL, '1'),
	(337, 'Kullu', NULL, '14'),
	(338, 'Chidambaram', NULL, '31'),
	(339, 'Lahaul & Spiti', NULL, '14'),
	(340, 'Chingleput', NULL, '31'),
	(341, 'Mandi', NULL, '14'),
	(342, 'Coimbatore', NULL, '31'),
	(343, 'Nothen Reef Island', NULL, '1'),
	(344, 'Shimla', NULL, '14'),
	(345, 'Courtallam', NULL, '31'),
	(346, 'Outram Island', NULL, '1'),
	(347, 'Sirmaur', NULL, '14'),
	(348, 'Cuddalore', NULL, '31'),
	(349, 'Pahlagaon', NULL, '1'),
	(350, 'Solan', NULL, '14'),
	(351, 'Dharmapuri', NULL, '31'),
	(352, 'Palalankwe', NULL, '1'),
	(353, 'Una', NULL, '14'),
	(354, 'Passage Island', NULL, '1'),
	(355, 'Dindigul', NULL, '31'),
	(356, 'Anantnag', NULL, '15'),
	(357, 'Phaiapong', NULL, '1'),
	(358, 'Erode', NULL, '31'),
	(359, 'Baramulla', NULL, '15'),
	(360, 'Budgam', NULL, '15'),
	(361, 'Doda', NULL, '15'),
	(362, 'Phoenix Island', NULL, '1'),
	(363, 'Port Blair', NULL, '1'),
	(364, 'Preparis Island', NULL, '1'),
	(365, 'Protheroepur', NULL, '1'),
	(366, 'Jammu', NULL, '15'),
	(367, 'Rangachang', NULL, '1'),
	(368, 'Rongat', NULL, '1'),
	(369, 'Rutland Island', NULL, '1'),
	(370, 'Sabari', NULL, '1'),
	(371, 'Kargil', NULL, '15'),
	(372, 'Saddle Peak', NULL, '1'),
	(373, 'Kathua', NULL, '15'),
	(374, 'Shadipur', NULL, '1'),
	(375, 'Kupwara', NULL, '15'),
	(376, 'Leh', NULL, '15'),
	(377, 'Poonch', NULL, '15'),
	(378, 'Pulwama', NULL, '15'),
	(379, 'Rajauri', NULL, '15'),
	(380, 'Smith Island', NULL, '1'),
	(381, 'Srinagar', NULL, '15'),
	(382, 'Sound Island', NULL, '1'),
	(383, 'Udhampur', NULL, '15'),
	(384, 'Bokaro', NULL, '16'),
	(385, 'Chatra', NULL, '16'),
	(386, 'South Sentinel Island', NULL, '1'),
	(387, 'Spike Island', NULL, '1'),
	(388, 'Tarmugli Island', NULL, '1'),
	(389, 'Taylerabad', NULL, '1'),
	(390, 'Titaije', NULL, '1'),
	(391, 'Toibalawe', NULL, '1'),
	(392, 'Tusonabad', NULL, '1'),
	(393, 'West Island', NULL, '1'),
	(394, 'Wimberleyganj', NULL, '1'),
	(395, 'Yadita', NULL, '1'),
	(396, 'Adilabad', NULL, '2'),
	(397, 'Anantapur', NULL, '2'),
	(398, 'Chittoor', NULL, '2'),
	(399, 'Cuddapah', NULL, '2'),
	(400, 'East Godavari', NULL, '2'),
	(401, 'Guntur', NULL, '2'),
	(402, 'Hyderabad', NULL, '2'),
	(403, 'Karimnagar', NULL, '2'),
	(404, 'Khammam', NULL, '2'),
	(405, 'Krishna', NULL, '2'),
	(406, 'Kurnool', NULL, '2'),
	(407, 'Mahabubnagar', NULL, '2'),
	(408, 'Medak', NULL, '2'),
	(409, 'Hosur', NULL, '31'),
	(410, 'Kanchipuram', NULL, '31'),
	(411, 'Nalgonda', NULL, '2'),
	(412, 'Kanyakumari', NULL, '31'),
	(413, 'Nellore', NULL, '2'),
	(414, 'Karaikudi', NULL, '31'),
	(415, 'Nizamabad', NULL, '2'),
	(416, 'Karur', NULL, '31'),
	(417, 'Prakasam', NULL, '2'),
	(418, 'Rangareddy', NULL, '2'),
	(419, 'Srikakulam', NULL, '2'),
	(420, 'Visakhapatnam', NULL, '2'),
	(421, 'Kodaikanal', NULL, '31'),
	(422, 'Kovilpatti', NULL, '31'),
	(423, 'Krishnagiri', NULL, '31'),
	(424, 'Kumbakonam', NULL, '31'),
	(425, 'Vizianagaram', NULL, '2'),
	(426, 'Madurai', NULL, '31'),
	(427, 'Warangal', NULL, '2'),
	(428, 'Mayiladuthurai', NULL, '31'),
	(429, 'West Godavari', NULL, '2'),
	(430, 'Anjaw', NULL, '3'),
	(431, 'Nagapattinam', NULL, '31'),
	(432, 'Nagarcoil', NULL, '31'),
	(433, 'Changlang', NULL, '3'),
	(434, 'Namakkal', NULL, '31'),
	(435, 'Deoghar', NULL, '16'),
	(436, 'Dibang Valley', NULL, '3'),
	(437, 'Neyveli', NULL, '31'),
	(438, 'East Kameng', NULL, '3'),
	(439, 'Dhanbad', NULL, '16'),
	(440, 'Nilgiris', NULL, '31'),
	(441, 'East Siang', NULL, '3'),
	(442, 'Dumka', NULL, '16'),
	(443, 'Ooty', NULL, '31'),
	(444, 'Itanagar', NULL, '3'),
	(445, 'East Singhbhum', NULL, '16'),
	(446, 'Palani', NULL, '31'),
	(447, 'Kurung Kumey', NULL, '3'),
	(448, 'Garhwa', NULL, '16'),
	(449, 'Perambalur', NULL, '31'),
	(450, 'Lohit', NULL, '3'),
	(451, 'Giridih', NULL, '16'),
	(452, 'Pollachi', NULL, '31'),
	(453, 'Lower Dibang Valley', NULL, '3'),
	(454, 'Pudukkottai', NULL, '31'),
	(455, 'Lower Subansiri', NULL, '3'),
	(456, 'Rajapalayam', NULL, '31'),
	(457, 'Papum Pare', NULL, '3'),
	(458, 'Godda', NULL, '16'),
	(459, 'Tawang', NULL, '3'),
	(460, 'Gumla', NULL, '16'),
	(461, 'Tirap', NULL, '3'),
	(462, 'Hazaribag', NULL, '16'),
	(463, 'Ramanathapuram', NULL, '31'),
	(464, 'Jamtara', NULL, '16'),
	(465, 'Koderma', NULL, '16'),
	(466, 'Salem', NULL, '31'),
	(467, 'Upper Siang', NULL, '3'),
	(468, 'Sivaganga', NULL, '31'),
	(469, 'Latehar', NULL, '16'),
	(470, 'Sivakasi', NULL, '31'),
	(471, 'Upper Subansiri', NULL, '3'),
	(472, 'Lohardaga', NULL, '16'),
	(473, 'Thanjavur', NULL, '31'),
	(474, 'West Kameng', NULL, '3'),
	(475, 'Pakur', NULL, '16'),
	(476, 'Theni', NULL, '31'),
	(477, 'West Siang', NULL, '3'),
	(478, 'Thoothukudi', NULL, '31'),
	(479, 'Barpeta', NULL, '4'),
	(480, 'Palamu', NULL, '16'),
	(481, 'Tiruchirappalli', NULL, '31'),
	(482, 'Bongaigaon', NULL, '4'),
	(483, 'Ranchi', NULL, '16'),
	(484, 'Tirunelveli', NULL, '31'),
	(485, 'Cachar', NULL, '4'),
	(486, 'Sahibganj', NULL, '16'),
	(487, 'Tirupur', NULL, '31'),
	(488, 'Darrang', NULL, '4'),
	(489, 'Seraikela', NULL, '16'),
	(490, 'Tiruvallur', NULL, '31'),
	(491, 'Dhemaji', NULL, '4'),
	(492, 'Simdega', NULL, '16'),
	(493, 'Tiruvannamalai', NULL, '31'),
	(494, 'Dhubri', NULL, '4'),
	(495, 'West Singhbhum', NULL, '16'),
	(496, 'Dibrugarh', NULL, '4'),
	(497, 'Bagalkot', NULL, '17'),
	(498, 'Bangalore', NULL, '17'),
	(499, 'Tiruvarur', NULL, '31'),
	(500, 'Trichy', NULL, '31'),
	(501, 'Goalpara', NULL, '4'),
	(502, 'Tuticorin', NULL, '31'),
	(503, 'Golaghat', NULL, '4'),
	(504, 'Bangalore Rural', NULL, '17'),
	(505, 'Vellore', NULL, '31'),
	(506, 'Guwahati', NULL, '4'),
	(507, 'Hailakandi', NULL, '4'),
	(508, 'Jorhat', NULL, '4'),
	(509, 'Villupuram', NULL, '31'),
	(510, 'Virudhunagar', NULL, '31'),
	(511, 'Yercaud', NULL, '31'),
	(512, 'Belgaum', NULL, '17'),
	(513, 'Kamrup', NULL, '4'),
	(514, 'Agartala', NULL, '32'),
	(515, 'Bellary', NULL, '17'),
	(516, 'Karbi Anglong', NULL, '4'),
	(517, 'Ambasa', NULL, '32'),
	(518, 'Bhatkal', NULL, '17'),
	(519, 'Karimganj', NULL, '4'),
	(520, 'Bampurbari', NULL, '32'),
	(521, 'Bidar', NULL, '17'),
	(522, 'Kokrajhar', NULL, '4'),
	(523, 'Belonia', NULL, '32'),
	(524, 'Bijapur', NULL, '17'),
	(525, 'Lakhimpur', NULL, '4'),
	(526, 'Dhalai', NULL, '32'),
	(527, 'Chamrajnagar', NULL, '17'),
	(528, 'Marigaon', NULL, '4'),
	(529, 'Nagaon', NULL, '4'),
	(530, 'Chickmagalur', NULL, '17'),
	(531, 'Chikballapur', NULL, '17'),
	(532, 'Chitradurga', NULL, '17'),
	(533, 'Dharam Nagar', NULL, '32'),
	(534, 'Dakshina Kannada', NULL, '17'),
	(535, 'Kailashahar', NULL, '32'),
	(536, 'Nalbari', NULL, '4'),
	(537, 'Davanagere', NULL, '17'),
	(538, 'Kamal Krishnabari', NULL, '32'),
	(539, 'North Cachar Hills', NULL, '4'),
	(540, 'Khopaiyapara', NULL, '32'),
	(541, 'Silchar', NULL, '4'),
	(542, 'Khowai', NULL, '32'),
	(543, 'Sivasagar', NULL, '4'),
	(544, 'Dharwad', NULL, '17'),
	(545, 'Phuldungsei', NULL, '32'),
	(546, 'Sonitpur', NULL, '4'),
	(547, 'Gadag', NULL, '17'),
	(548, 'Tinsukia', NULL, '4'),
	(549, 'Radha Kishore Pur', NULL, '32'),
	(550, 'Gulbarga', NULL, '17'),
	(551, 'Udalguri', NULL, '4'),
	(552, 'Tripura', NULL, '32'),
	(553, 'Hampi', NULL, '17'),
	(554, 'Araria', NULL, '5'),
	(555, 'Aurangabad', NULL, '5'),
	(556, 'Hassan', NULL, '17'),
	(557, 'Banka', NULL, '5'),
	(558, 'Haveri', NULL, '17'),
	(559, 'Begusarai', NULL, '5'),
	(560, 'Hospet', NULL, '17'),
	(561, 'Karwar', NULL, '17'),
	(562, 'Kodagu', NULL, '17'),
	(563, 'Bhagalpur', NULL, '5'),
	(564, 'Kolar', NULL, '17'),
	(565, 'Bhojpur', NULL, '5'),
	(566, 'Koppal', NULL, '17'),
	(567, 'Buxar', NULL, '5'),
	(568, 'Madikeri', NULL, '17'),
	(569, 'Darbhanga', NULL, '5'),
	(570, 'East Champaran', NULL, '5'),
	(571, 'Gaya', NULL, '5'),
	(572, 'Mandya', NULL, '17'),
	(573, 'Gopalganj', NULL, '5'),
	(574, 'Mangalore', NULL, '17'),
	(575, 'Jamshedpur', NULL, '5'),
	(576, 'Manipal', NULL, '17'),
	(577, 'Jamui', NULL, '5'),
	(578, 'Mysore', NULL, '17'),
	(579, 'Jehanabad', NULL, '5'),
	(580, 'Raichur', NULL, '17'),
	(581, 'Kaimur (Bhabua)', NULL, '5'),
	(582, 'Shimoga', NULL, '17'),
	(583, 'Katihar', NULL, '5'),
	(584, 'Sirsi', NULL, '17'),
	(585, 'Sringeri', NULL, '17'),
	(586, 'Srirangapatna', NULL, '17'),
	(587, 'Tumkur', NULL, '17'),
	(588, 'Udupi', NULL, '17'),
	(589, 'Uttara Kannada', NULL, '17'),
	(590, 'Alappuzha', NULL, '18'),
	(591, 'Alleppey', NULL, '18'),
	(592, 'Alwaye', NULL, '18'),
	(593, 'Ernakulam', NULL, '18'),
	(594, 'Idukki', NULL, '18'),
	(595, 'Kannur', NULL, '18'),
	(596, 'Kasargod', NULL, '18'),
	(597, 'Kochi', NULL, '18'),
	(598, 'Kollam', NULL, '18'),
	(599, 'Kottayam', NULL, '18'),
	(600, 'Kovalam', NULL, '18'),
	(601, 'Kozhikode', NULL, '18'),
	(602, 'Malappuram', NULL, '18'),
	(603, 'Palakkad', NULL, '18'),
	(604, 'Pathanamthitta', NULL, '18'),
	(605, 'Perumbavoor', NULL, '18'),
	(606, 'Thiruvananthapuram', NULL, '18'),
	(607, 'Thrissur', NULL, '18'),
	(608, 'Trichur', NULL, '18'),
	(609, 'Trivandrum', NULL, '18'),
	(610, 'Wayanad', NULL, '18'),
	(611, 'Agatti Island', NULL, '19'),
	(612, 'Khagaria', NULL, '5'),
	(613, 'Bingaram Island', NULL, '19'),
	(614, 'Kishanganj', NULL, '5'),
	(615, 'Bitra Island', NULL, '19'),
	(616, 'Chetlat Island', NULL, '19'),
	(617, 'Kadmat Island', NULL, '19'),
	(618, 'Kalpeni Island', NULL, '19'),
	(619, 'Lakhisarai', NULL, '5'),
	(620, 'Kavaratti Island', NULL, '19'),
	(621, 'Madhepura', NULL, '5'),
	(622, 'Kiltan Island', NULL, '19'),
	(623, 'Madhubani', NULL, '5'),
	(624, 'Lakshadweep Sea', NULL, '19'),
	(625, 'Munger', NULL, '5'),
	(626, 'Muzaffarpur', NULL, '5'),
	(627, 'Nalanda', NULL, '5'),
	(628, 'Minicoy Island', NULL, '19'),
	(629, 'Nawada', NULL, '5'),
	(630, 'North Island', NULL, '19'),
	(631, 'Patna', NULL, '5'),
	(632, 'South Island', NULL, '19'),
	(633, 'Purnia', NULL, '5'),
	(634, 'Anuppur', NULL, '20'),
	(635, 'Rohtas', NULL, '5'),
	(636, 'Saharsa', NULL, '5'),
	(637, 'Ashoknagar', NULL, '20'),
	(638, 'Samastipur', NULL, '5'),
	(639, 'Balaghat', NULL, '20'),
	(640, 'Saran', NULL, '5'),
	(641, 'Barwani', NULL, '20'),
	(642, 'Sheikhpura', NULL, '5'),
	(643, 'Betul', NULL, '20'),
	(644, 'Sheohar', NULL, '5'),
	(645, 'Bhind', NULL, '20'),
	(646, 'Sitamarhi', NULL, '5'),
	(647, 'Bhopal', NULL, '20'),
	(648, 'Siwan', NULL, '5'),
	(649, 'Burhanpur', NULL, '20'),
	(650, 'Chhatarpur', NULL, '20'),
	(651, 'Chhindwara', NULL, '20'),
	(652, 'Damoh', NULL, '20'),
	(653, 'Supaul', NULL, '5'),
	(654, 'Datia', NULL, '20'),
	(655, 'Vaishali', NULL, '5'),
	(656, 'West Champaran', NULL, '5'),
	(657, 'Dewas', NULL, '20'),
	(658, 'Dhar', NULL, '20'),
	(659, 'Dindori', NULL, '20'),
	(660, 'Guna', NULL, '20'),
	(661, 'Gwalior', NULL, '20'),
	(662, 'Harda', NULL, '20'),
	(663, 'Hoshangabad', NULL, '20'),
	(664, 'Indore', NULL, '20'),
	(665, 'Jabalpur', NULL, '20'),
	(666, 'Jagdalpur', NULL, '20'),
	(667, 'Jhabua', NULL, '20'),
	(668, 'Katni', NULL, '20'),
	(669, 'Khandwa', NULL, '20'),
	(670, 'Khargone', NULL, '20'),
	(671, 'Mandla', NULL, '20'),
	(672, 'Mandsaur', NULL, '20'),
	(673, 'Morena', NULL, '20'),
	(674, 'Narsinghpur', NULL, '20'),
	(675, 'Neemuch', NULL, '20'),
	(676, 'Panna', NULL, '20'),
	(677, 'Raisen', NULL, '20'),
	(678, 'Rajgarh', NULL, '20'),
	(679, 'Ratlam', NULL, '20'),
	(680, 'Rewa', NULL, '20'),
	(681, 'Sagar', NULL, '20'),
	(682, 'Satna', NULL, '20'),
	(683, 'Sehore', NULL, '20'),
	(684, 'Seoni', NULL, '20'),
	(685, 'Shahdol', NULL, '20'),
	(686, 'Shajapur', NULL, '20'),
	(687, 'Sheopur', NULL, '20'),
	(688, 'Shivpuri', NULL, '20'),
	(689, 'Sidhi', NULL, '20'),
	(690, 'Tikamgarh', NULL, '20'),
	(691, 'Ujjain', NULL, '20'),
	(692, 'Umaria', NULL, '20'),
	(693, 'Vidisha', NULL, '20'),
	(694, 'Ahmednagar', NULL, '21'),
	(695, 'Akola', NULL, '21'),
	(696, 'Amravati', NULL, '21'),
	(697, 'Aurangabad', NULL, '21'),
	(698, 'Beed', NULL, '21'),
	(699, 'Bhandara', NULL, '21'),
	(700, 'Buldhana', NULL, '21'),
	(701, 'Chandrapur', NULL, '21'),
	(702, 'Dhule', NULL, '21'),
	(703, 'Gadchiroli', NULL, '21'),
	(704, 'Gondia', NULL, '21'),
	(705, 'Hingoli', NULL, '21'),
	(706, 'Jalgaon', NULL, '21'),
	(707, 'Jalna', NULL, '21'),
	(708, 'Kolhapur', NULL, '21'),
	(709, 'Latur', NULL, '21'),
	(710, 'Mahabaleshwar', NULL, '21'),
	(711, 'Mumbai', NULL, '21'),
	(712, 'Mumbai City', NULL, '21'),
	(713, 'Mumbai Suburban', NULL, '21'),
	(714, 'Nagpur', NULL, '21'),
	(715, 'Nanded', NULL, '21'),
	(716, 'Nandurbar', NULL, '21'),
	(717, 'Nashik', NULL, '21'),
	(718, 'Osmanabad', NULL, '21'),
	(719, 'Parbhani', NULL, '21'),
	(720, 'Pune', NULL, '21'),
	(721, 'Raigad', NULL, '21'),
	(722, 'Ratnagiri', NULL, '21'),
	(723, 'Sangli', NULL, '21'),
	(724, 'Satara', NULL, '21'),
	(725, 'Sholapur', NULL, '21'),
	(726, 'Sindhudurg', NULL, '21'),
	(727, 'Thane', NULL, '21'),
	(728, 'Wardha', NULL, '21'),
	(729, 'Washim', NULL, '21'),
	(730, 'Yavatmal', NULL, '21'),
	(731, 'Bishnupur', NULL, '22'),
	(732, 'Chandel', NULL, '22'),
	(733, 'Churachandpur', NULL, '22'),
	(734, 'Imphal East', NULL, '22'),
	(735, 'Imphal West', NULL, '22'),
	(736, 'Senapati', NULL, '22'),
	(737, 'Tamenglong', NULL, '22'),
	(738, 'Thoubal', NULL, '22'),
	(739, 'Ukhrul', NULL, '22'),
	(740, 'East Garo Hills', NULL, '23'),
	(741, 'East Khasi Hills', NULL, '23'),
	(742, 'Jaintia Hills', NULL, '23'),
	(743, 'Ri Bhoi', NULL, '23'),
	(744, 'Shillong', NULL, '23'),
	(745, 'South Garo Hills', NULL, '23'),
	(746, 'West Garo Hills', NULL, '23'),
	(747, 'West Khasi Hills', NULL, '23'),
	(748, 'Aizawl', NULL, '24'),
	(749, 'Champhai', NULL, '24'),
	(750, 'Kolasib', NULL, '24'),
	(751, 'Lawngtlai', NULL, '24'),
	(752, 'Lunglei', NULL, '24'),
	(753, 'Mamit', NULL, '24'),
	(754, 'Saiha', NULL, '24'),
	(755, 'Serchhip', NULL, '24'),
	(756, 'Agra', NULL, '33'),
	(757, 'Aligarh', NULL, '33'),
	(758, 'Allahabad', NULL, '33'),
	(759, 'Ambedkar Nagar', NULL, '33'),
	(760, 'Amethi', NULL, '33'),
	(761, 'Amroha', NULL, '33'),
	(762, 'Auraiya', NULL, '33'),
	(763, 'Azamgarh', NULL, '33'),
	(764, 'Baghpat', NULL, '33'),
	(765, 'Bahraich', NULL, '33'),
	(766, 'Ballia', NULL, '33'),
	(767, 'Balrampur', NULL, '33'),
	(768, 'Banda', NULL, '33'),
	(769, 'Bara Banki', NULL, '33'),
	(770, 'Bareilly', NULL, '33'),
	(771, 'Basti', NULL, '33'),
	(772, 'Bhadohi', NULL, '33'),
	(773, 'Bijnor', NULL, '33'),
	(774, 'Budaun', NULL, '33'),
	(775, 'Bulandshahr', NULL, '33'),
	(776, 'Chandauli', NULL, '33'),
	(777, 'Chitrakoot', NULL, '33'),
	(778, 'Deoria', NULL, '33'),
	(779, 'Etah', NULL, '33'),
	(780, 'Etawah', NULL, '33'),
	(781, 'Faizabad', NULL, '33'),
	(782, 'Farrukhabad', NULL, '33'),
	(783, 'Fatehpur', NULL, '33'),
	(784, 'Firozabad', NULL, '33'),
	(785, 'Gautam Buddha Nagar', NULL, '33'),
	(786, 'Ghaziabad', NULL, '33'),
	(787, 'Ghazipur', NULL, '33'),
	(788, 'Gonda', NULL, '33'),
	(789, 'Gorakhpur', NULL, '33'),
	(790, 'Hamirpur', NULL, '33'),
	(791, 'Hapur', NULL, '33'),
	(792, 'Hardoi', NULL, '33'),
	(793, 'Hathras', NULL, '33'),
	(794, 'Jalaun', NULL, '33'),
	(795, 'Jaunpur', NULL, '33'),
	(796, 'Jhansi', NULL, '33'),
	(797, 'Kannauj', NULL, '33'),
	(798, 'Kanpur Dehat', NULL, '33'),
	(799, 'Kanpur Nagar', NULL, '33'),
	(800, 'Kasganj', NULL, '33'),
	(801, 'Kaushambi', NULL, '33'),
	(802, 'Kheri', NULL, '33'),
	(803, 'Kushinagar', NULL, '33'),
	(804, 'Lalitpur', NULL, '33'),
	(805, 'Lucknow', NULL, '33'),
	(806, 'Mahoba', NULL, '33'),
	(807, 'Mahrajganj', NULL, '33'),
	(808, 'Mainpuri', NULL, '33'),
	(809, 'Mathura', NULL, '33'),
	(810, 'Mau', NULL, '33'),
	(811, 'Meerut', NULL, '33'),
	(812, 'Mirzapur', NULL, '33'),
	(813, 'Moradabad', NULL, '33'),
	(814, 'Muzaffarnagar', NULL, '33'),
	(815, 'Pilibhit', NULL, '33'),
	(816, 'Pratapgarh', NULL, '33'),
	(817, 'Rae Bareli', NULL, '33'),
	(818, 'Rampur', NULL, '33'),
	(819, 'Saharanpur', NULL, '33'),
	(820, 'Sambhal', NULL, '33'),
	(821, 'Sant Kabir Nagar', NULL, '33'),
	(822, 'Shahjahanpur', NULL, '33'),
	(823, 'Shamli', NULL, '33'),
	(824, 'Shrawasti', NULL, '33'),
	(825, 'Siddharthnagar', NULL, '33'),
	(826, 'Sitapur', NULL, '33'),
	(827, 'Sonbhadra', NULL, '33'),
	(828, 'Sultanpur', NULL, '33'),
	(829, 'Unnao', NULL, '33'),
	(830, 'Varanasi', NULL, '33'),
	(831, 'Almora', NULL, '33'),
	(832, 'Bageshwar', NULL, '33'),
	(833, 'Chamoli', NULL, '33'),
	(834, 'Champawat', NULL, '33'),
	(835, 'Dehradun', NULL, '33'),
	(836, 'Garhwal', NULL, '33'),
	(837, 'Hardwar', NULL, '33'),
	(838, 'Nainital', NULL, '33'),
	(839, 'Pithoragarh', NULL, '33'),
	(840, 'Rudraprayag', NULL, '33'),
	(841, 'Tehri Garhwal', NULL, '33'),
	(842, 'Udham Singh Nagar', NULL, '33'),
	(843, 'Uttarkashi', NULL, '33'),
	(844, 'Almora', NULL, '34'),
	(845, 'Bageshwar', NULL, '34'),
	(846, 'Chamoli', NULL, '34'),
	(847, 'Champawat', NULL, '34'),
	(848, 'Dehradun', NULL, '34'),
	(849, 'Garhwal', NULL, '34'),
	(850, 'Hardwar', NULL, '34'),
	(851, 'Nainital', NULL, '34'),
	(852, 'Pithoragarh', NULL, '34'),
	(853, 'Rudraprayag', NULL, '34'),
	(854, 'Tehri Garhwal', NULL, '34'),
	(855, 'Udham Singh Nagar', NULL, '34'),
	(856, 'Uttarkashi', NULL, '34'),
	(857, 'Alipurduar', NULL, '35'),
	(858, 'Bankura', NULL, '35'),
	(859, 'Barddhaman', NULL, '35'),
	(860, 'Birbhum', NULL, '35'),
	(861, 'Dakshin Dinajpur', NULL, '35'),
	(862, 'Darjiling', NULL, '35'),
	(863, 'Haora', NULL, '35'),
	(864, 'Jalpaiguri', NULL, '35'),
	(865, 'Jhargram', NULL, '35'),
	(866, 'Kalimpong', NULL, '35'),
	(867, 'Koch Bihar', NULL, '35'),
	(868, 'Kolkata', NULL, '35'),
	(869, 'Maldah', NULL, '35'),
	(870, 'Murshidabad', NULL, '35'),
	(871, 'Nadia', NULL, '35'),
	(872, 'North Twenty Four Parganas', NULL, '35'),
	(873, 'Paschim Bardhaman', NULL, '35'),
	(874, 'Paschim Medinipur', NULL, '35'),
	(875, 'Purba Bardhaman', NULL, '35'),
	(876, 'Purba Medinipur', NULL, '35'),
	(877, 'Puruliya', NULL, '35'),
	(878, 'South Twenty Four Parganas', NULL, '35'),
	(879, 'Uttar Dinajpur', NULL, '35');

CREATE TABLE IF NOT EXISTS `t1` (
  `city_id` int NOT NULL DEFAULT '0',
  `RN` varchar(22) CHARACTER SET utf8mb4 COLLATE utf8mb4_general_ci DEFAULT NULL
) ENGINE=InnoDB DEFAULT CHARSET=utf8mb4 COLLATE=utf8mb4_0900_ai_ci;

INSERT INTO `t1` (`city_id`, `RN`) VALUES
	(264, 'C1'),
	(346, 'C2'),
	(349, 'C3'),
	(279, 'C4'),
	(352, 'C5'),
	(277, 'C6'),
	(169, 'C7'),
	(275, 'C8'),
	(274, 'C9'),
	(395, 'C10'),
	(272, 'C11'),
	(394, 'C12'),
	(393, 'C13'),
	(269, 'C14'),
	(167, 'C15'),
	(294, 'C16'),
	(266, 'C17'),
	(296, 'C18'),
	(369, 'C19'),
	(392, 'C20'),
	(262, 'C21'),
	(299, 'C22'),
	(165, 'C23'),
	(391, 'C24'),
	(390, 'C25'),
	(389, 'C26'),
	(388, 'C27'),
	(387, 'C28'),
	(302, 'C29'),
	(386, 'C30'),
	(111, 'C31'),
	(305, 'C32'),
	(162, 'C33'),
	(114, 'C34'),
	(362, 'C35'),
	(308, 'C36'),
	(117, 'C37'),
	(382, 'C38'),
	(310, 'C39'),
	(159, 'C40'),
	(380, 'C41'),
	(363, 'C42'),
	(313, 'C43'),
	(157, 'C44'),
	(364, 'C45'),
	(155, 'C46'),
	(316, 'C47'),
	(365, 'C48'),
	(126, 'C49'),
	(319, 'C50'),
	(127, 'C51'),
	(321, 'C52'),
	(128, 'C53'),
	(152, 'C54'),
	(367, 'C55'),
	(374, 'C56'),
	(327, 'C57'),
	(58, 'C58'),
	(257, 'C59'),
	(288, 'C60'),
	(134, 'C61'),
	(62, 'C62'),
	(330, 'C63'),
	(136, 'C64'),
	(357, 'C65'),
	(332, 'C66'),
	(334, 'C67'),
	(368, 'C68'),
	(139, 'C69'),
	(372, 'C70'),
	(336, 'C71'),
	(142, 'C72'),
	(370, 'C73'),
	(145, 'C74'),
	(282, 'C75'),
	(354, 'C76'),
	(343, 'C77'),
	(140, 'C78'),
	(137, 'C79'),
	(161, 'C80'),
	(135, 'C81'),
	(133, 'C82'),
	(150, 'C83'),
	(164, 'C84'),
	(143, 'C85'),
	(148, 'C86'),
	(146, 'C87'),
	(189, 'C88'),
	(171, 'C89'),
	(172, 'C90'),
	(174, 'C91'),
	(176, 'C92'),
	(178, 'C93'),
	(182, 'C94'),
	(196, 'C95'),
	(194, 'C96'),
	(184, 'C97'),
	(180, 'C98'),
	(188, 'C99'),
	(186, 'C100'),
	(191, 'C101'),
	(245, 'C102'),
	(243, 'C103'),
	(241, 'C104'),
	(239, 'C105'),
	(235, 'C106'),
	(233, 'C107'),
	(231, 'C108'),
	(229, 'C109'),
	(227, 'C110'),
	(225, 'C111'),
	(223, 'C112'),
	(220, 'C113'),
	(237, 'C114'),
	(216, 'C115'),
	(212, 'C116'),
	(211, 'C117'),
	(209, 'C118'),
	(207, 'C119'),
	(205, 'C120'),
	(204, 'C121'),
	(218, 'C122'),
	(203, 'C123'),
	(202, 'C124'),
	(255, 'C125'),
	(254, 'C126'),
	(198, 'C127'),
	(252, 'C128'),
	(249, 'C129'),
	(247, 'C130'),
	(301, 'C131'),
	(298, 'C132'),
	(268, 'C133'),
	(293, 'C134'),
	(271, 'C135'),
	(292, 'C136'),
	(276, 'C137'),
	(278, 'C138'),
	(314, 'C139'),
	(291, 'C140'),
	(260, 'C141'),
	(281, 'C142'),
	(311, 'C143'),
	(307, 'C144'),
	(304, 'C145'),
	(256, 'C146'),
	(258, 'C147'),
	(289, 'C148'),
	(284, 'C149'),
	(286, 'C150'),
	(344, 'C151'),
	(341, 'C152'),
	(339, 'C153'),
	(337, 'C154'),
	(329, 'C155'),
	(326, 'C156'),
	(324, 'C157'),
	(323, 'C158'),
	(317, 'C159'),
	(328, 'C160'),
	(353, 'C161'),
	(350, 'C162'),
	(347, 'C163'),
	(373, 'C164'),
	(379, 'C165'),
	(360, 'C166'),
	(371, 'C167'),
	(359, 'C168'),
	(361, 'C169'),
	(356, 'C170'),
	(376, 'C171'),
	(366, 'C172'),
	(378, 'C173'),
	(381, 'C174'),
	(377, 'C175'),
	(375, 'C176'),
	(383, 'C177'),
	(486, 'C178'),
	(464, 'C179'),
	(465, 'C180'),
	(483, 'C181'),
	(469, 'C182'),
	(435, 'C183'),
	(385, 'C184'),
	(442, 'C185'),
	(458, 'C186'),
	(472, 'C187'),
	(460, 'C188'),
	(445, 'C189'),
	(480, 'C190'),
	(448, 'C191'),
	(439, 'C192'),
	(475, 'C193'),
	(495, 'C194'),
	(492, 'C195'),
	(489, 'C196'),
	(451, 'C197'),
	(462, 'C198'),
	(384, 'C199'),
	(531, 'C200'),
	(527, 'C201'),
	(524, 'C202'),
	(521, 'C203'),
	(589, 'C204'),
	(588, 'C205'),
	(587, 'C206'),
	(586, 'C207'),
	(585, 'C208'),
	(572, 'C209'),
	(584, 'C210'),
	(530, 'C211'),
	(574, 'C212'),
	(576, 'C213'),
	(578, 'C214'),
	(497, 'C215'),
	(498, 'C216'),
	(504, 'C217'),
	(580, 'C218'),
	(512, 'C219'),
	(515, 'C220'),
	(518, 'C221'),
	(544, 'C222'),
	(547, 'C223'),
	(550, 'C224'),
	(532, 'C225'),
	(556, 'C226'),
	(558, 'C227'),
	(560, 'C228'),
	(561, 'C229'),
	(553, 'C230'),
	(564, 'C231'),
	(566, 'C232'),
	(568, 'C233'),
	(537, 'C234'),
	(582, 'C235'),
	(534, 'C236'),
	(562, 'C237'),
	(601, 'C238'),
	(602, 'C239'),
	(603, 'C240'),
	(592, 'C241'),
	(604, 'C242'),
	(596, 'C243'),
	(605, 'C244'),
	(606, 'C245'),
	(591, 'C246'),
	(598, 'C247'),
	(607, 'C248'),
	(593, 'C249'),
	(608, 'C250'),
	(599, 'C251'),
	(609, 'C252'),
	(610, 'C253'),
	(595, 'C254'),
	(590, 'C255'),
	(600, 'C256'),
	(597, 'C257'),
	(594, 'C258'),
	(613, 'C259'),
	(611, 'C260'),
	(615, 'C261'),
	(616, 'C262'),
	(617, 'C263'),
	(618, 'C264'),
	(620, 'C265'),
	(622, 'C266'),
	(624, 'C267'),
	(628, 'C268'),
	(630, 'C269'),
	(632, 'C270'),
	(398, 'C271'),
	(397, 'C272'),
	(396, 'C273'),
	(429, 'C274'),
	(415, 'C275'),
	(413, 'C276'),
	(401, 'C277'),
	(427, 'C278'),
	(417, 'C279'),
	(418, 'C280'),
	(411, 'C281'),
	(425, 'C282'),
	(419, 'C283'),
	(408, 'C284'),
	(407, 'C285'),
	(420, 'C286'),
	(406, 'C287'),
	(405, 'C288'),
	(404, 'C289'),
	(403, 'C290'),
	(402, 'C291'),
	(400, 'C292'),
	(399, 'C293'),
	(684, 'C294'),
	(634, 'C295'),
	(637, 'C296'),
	(639, 'C297'),
	(641, 'C298'),
	(643, 'C299'),
	(645, 'C300'),
	(647, 'C301'),
	(649, 'C302'),
	(650, 'C303'),
	(651, 'C304'),
	(652, 'C305'),
	(654, 'C306'),
	(657, 'C307'),
	(658, 'C308'),
	(659, 'C309'),
	(660, 'C310'),
	(661, 'C311'),
	(662, 'C312'),
	(663, 'C313'),
	(664, 'C314'),
	(665, 'C315'),
	(666, 'C316'),
	(667, 'C317'),
	(668, 'C318'),
	(669, 'C319'),
	(670, 'C320'),
	(671, 'C321'),
	(672, 'C322'),
	(673, 'C323'),
	(674, 'C324'),
	(675, 'C325'),
	(676, 'C326'),
	(677, 'C327'),
	(678, 'C328'),
	(679, 'C329'),
	(680, 'C330'),
	(681, 'C331'),
	(682, 'C332'),
	(683, 'C333'),
	(685, 'C334'),
	(686, 'C335'),
	(687, 'C336'),
	(688, 'C337'),
	(689, 'C338'),
	(690, 'C339'),
	(691, 'C340'),
	(692, 'C341'),
	(693, 'C342'),
	(723, 'C343'),
	(705, 'C344'),
	(699, 'C345'),
	(704, 'C346'),
	(700, 'C347'),
	(696, 'C348'),
	(725, 'C349'),
	(695, 'C350'),
	(730, 'C351'),
	(729, 'C352'),
	(728, 'C353'),
	(726, 'C354'),
	(694, 'C355'),
	(724, 'C356'),
	(727, 'C357'),
	(722, 'C358'),
	(721, 'C359'),
	(720, 'C360'),
	(719, 'C361'),
	(718, 'C362'),
	(717, 'C363'),
	(716, 'C364'),
	(715, 'C365'),
	(714, 'C366'),
	(713, 'C367'),
	(712, 'C368'),
	(703, 'C369'),
	(701, 'C370'),
	(711, 'C371'),
	(710, 'C372'),
	(709, 'C373'),
	(708, 'C374'),
	(702, 'C375'),
	(707, 'C376'),
	(697, 'C377'),
	(706, 'C378'),
	(698, 'C379'),
	(737, 'C380'),
	(736, 'C381'),
	(735, 'C382'),
	(734, 'C383'),
	(733, 'C384'),
	(731, 'C385'),
	(732, 'C386'),
	(739, 'C387'),
	(738, 'C388'),
	(742, 'C389'),
	(746, 'C390'),
	(740, 'C391'),
	(745, 'C392'),
	(741, 'C393'),
	(744, 'C394'),
	(747, 'C395'),
	(743, 'C396'),
	(753, 'C397'),
	(754, 'C398'),
	(755, 'C399'),
	(748, 'C400'),
	(749, 'C401'),
	(750, 'C402'),
	(751, 'C403'),
	(752, 'C404'),
	(10, 'C405'),
	(8, 'C406'),
	(7, 'C407'),
	(5, 'C408'),
	(12, 'C409'),
	(6, 'C410'),
	(2, 'C411'),
	(3, 'C412'),
	(68, 'C413'),
	(77, 'C414'),
	(75, 'C415'),
	(74, 'C416'),
	(73, 'C417'),
	(70, 'C418'),
	(66, 'C419'),
	(64, 'C420'),
	(57, 'C421'),
	(53, 'C422'),
	(52, 'C423'),
	(51, 'C424'),
	(50, 'C425'),
	(49, 'C426'),
	(47, 'C427'),
	(46, 'C428'),
	(45, 'C429'),
	(44, 'C430'),
	(43, 'C431'),
	(35, 'C432'),
	(34, 'C433'),
	(33, 'C434'),
	(31, 'C435'),
	(29, 'C436'),
	(15, 'C437'),
	(16, 'C438'),
	(18, 'C439'),
	(20, 'C440'),
	(21, 'C441'),
	(22, 'C442'),
	(72, 'C443'),
	(48, 'C444'),
	(27, 'C445'),
	(25, 'C446'),
	(82, 'C447'),
	(79, 'C448'),
	(88, 'C449'),
	(78, 'C450'),
	(86, 'C451'),
	(84, 'C452'),
	(94, 'C453'),
	(90, 'C454'),
	(98, 'C455'),
	(96, 'C456'),
	(110, 'C457'),
	(147, 'C458'),
	(144, 'C459'),
	(141, 'C460'),
	(138, 'C461'),
	(131, 'C462'),
	(129, 'C463'),
	(124, 'C464'),
	(122, 'C465'),
	(120, 'C466'),
	(118, 'C467'),
	(115, 'C468'),
	(112, 'C469'),
	(109, 'C470'),
	(107, 'C471'),
	(105, 'C472'),
	(101, 'C473'),
	(100, 'C474'),
	(99, 'C475'),
	(201, 'C476'),
	(166, 'C477'),
	(213, 'C478'),
	(210, 'C479'),
	(208, 'C480'),
	(206, 'C481'),
	(181, 'C482'),
	(200, 'C483'),
	(199, 'C484'),
	(197, 'C485'),
	(195, 'C486'),
	(193, 'C487'),
	(158, 'C488'),
	(214, 'C489'),
	(149, 'C490'),
	(151, 'C491'),
	(153, 'C492'),
	(154, 'C493'),
	(156, 'C494'),
	(160, 'C495'),
	(163, 'C496'),
	(168, 'C497'),
	(215, 'C498'),
	(170, 'C499'),
	(173, 'C500'),
	(175, 'C501'),
	(177, 'C502'),
	(179, 'C503'),
	(183, 'C504'),
	(185, 'C505'),
	(187, 'C506'),
	(190, 'C507'),
	(192, 'C508'),
	(474, 'C509'),
	(471, 'C510'),
	(433, 'C511'),
	(467, 'C512'),
	(450, 'C513'),
	(447, 'C514'),
	(461, 'C515'),
	(459, 'C516'),
	(457, 'C517'),
	(436, 'C518'),
	(441, 'C519'),
	(453, 'C520'),
	(430, 'C521'),
	(455, 'C522'),
	(438, 'C523'),
	(444, 'C524'),
	(477, 'C525'),
	(242, 'C526'),
	(312, 'C527'),
	(240, 'C528'),
	(238, 'C529'),
	(315, 'C530'),
	(236, 'C531'),
	(234, 'C532'),
	(318, 'C533'),
	(232, 'C534'),
	(320, 'C535'),
	(287, 'C536'),
	(230, 'C537'),
	(228, 'C538'),
	(226, 'C539'),
	(325, 'C540'),
	(224, 'C541'),
	(222, 'C542'),
	(280, 'C543'),
	(221, 'C544'),
	(217, 'C545'),
	(331, 'C546'),
	(333, 'C547'),
	(290, 'C548'),
	(283, 'C549'),
	(285, 'C550'),
	(219, 'C551'),
	(322, 'C552'),
	(244, 'C553'),
	(273, 'C554'),
	(270, 'C555'),
	(267, 'C556'),
	(295, 'C557'),
	(265, 'C558'),
	(297, 'C559'),
	(263, 'C560'),
	(261, 'C561'),
	(300, 'C562'),
	(259, 'C563'),
	(253, 'C564'),
	(303, 'C565'),
	(251, 'C566'),
	(250, 'C567'),
	(306, 'C568'),
	(248, 'C569'),
	(246, 'C570'),
	(309, 'C571'),
	(351, 'C572'),
	(355, 'C573'),
	(358, 'C574'),
	(409, 'C575'),
	(410, 'C576'),
	(412, 'C577'),
	(414, 'C578'),
	(416, 'C579'),
	(421, 'C580'),
	(422, 'C581'),
	(423, 'C582'),
	(424, 'C583'),
	(426, 'C584'),
	(428, 'C585'),
	(431, 'C586'),
	(432, 'C587'),
	(434, 'C588'),
	(437, 'C589'),
	(440, 'C590'),
	(443, 'C591'),
	(446, 'C592'),
	(449, 'C593'),
	(452, 'C594'),
	(454, 'C595'),
	(456, 'C596'),
	(463, 'C597'),
	(466, 'C598'),
	(468, 'C599'),
	(470, 'C600'),
	(473, 'C601'),
	(476, 'C602'),
	(478, 'C603'),
	(481, 'C604'),
	(484, 'C605'),
	(487, 'C606'),
	(490, 'C607'),
	(493, 'C608'),
	(499, 'C609'),
	(500, 'C610'),
	(502, 'C611'),
	(505, 'C612'),
	(509, 'C613'),
	(510, 'C614'),
	(511, 'C615'),
	(335, 'C616'),
	(338, 'C617'),
	(340, 'C618'),
	(342, 'C619'),
	(345, 'C620'),
	(348, 'C621'),
	(552, 'C622'),
	(517, 'C623'),
	(545, 'C624'),
	(533, 'C625'),
	(526, 'C626'),
	(520, 'C627'),
	(540, 'C628'),
	(514, 'C629'),
	(535, 'C630'),
	(549, 'C631'),
	(542, 'C632'),
	(538, 'C633'),
	(523, 'C634'),
	(775, 'C635'),
	(772, 'C636'),
	(774, 'C637'),
	(762, 'C638'),
	(843, 'C639'),
	(761, 'C640'),
	(842, 'C641'),
	(841, 'C642'),
	(840, 'C643'),
	(839, 'C644'),
	(838, 'C645'),
	(837, 'C646'),
	(836, 'C647'),
	(835, 'C648'),
	(834, 'C649'),
	(833, 'C650'),
	(771, 'C651'),
	(832, 'C652'),
	(831, 'C653'),
	(830, 'C654'),
	(829, 'C655'),
	(770, 'C656'),
	(828, 'C657'),
	(827, 'C658'),
	(826, 'C659'),
	(760, 'C660'),
	(825, 'C661'),
	(824, 'C662'),
	(773, 'C663'),
	(823, 'C664'),
	(822, 'C665'),
	(821, 'C666'),
	(769, 'C667'),
	(820, 'C668'),
	(768, 'C669'),
	(759, 'C670'),
	(819, 'C671'),
	(818, 'C672'),
	(817, 'C673'),
	(816, 'C674'),
	(767, 'C675'),
	(815, 'C676'),
	(766, 'C677'),
	(758, 'C678'),
	(765, 'C679'),
	(814, 'C680'),
	(764, 'C681'),
	(813, 'C682'),
	(757, 'C683'),
	(812, 'C684'),
	(763, 'C685'),
	(756, 'C686'),
	(811, 'C687'),
	(810, 'C688'),
	(809, 'C689'),
	(808, 'C690'),
	(807, 'C691'),
	(806, 'C692'),
	(805, 'C693'),
	(804, 'C694'),
	(803, 'C695'),
	(802, 'C696'),
	(801, 'C697'),
	(800, 'C698'),
	(799, 'C699'),
	(798, 'C700'),
	(797, 'C701'),
	(796, 'C702'),
	(795, 'C703'),
	(794, 'C704'),
	(793, 'C705'),
	(792, 'C706'),
	(791, 'C707'),
	(790, 'C708'),
	(789, 'C709'),
	(788, 'C710'),
	(787, 'C711'),
	(786, 'C712'),
	(785, 'C713'),
	(784, 'C714'),
	(782, 'C715'),
	(781, 'C716'),
	(780, 'C717'),
	(779, 'C718'),
	(783, 'C719'),
	(778, 'C720'),
	(777, 'C721'),
	(776, 'C722'),
	(846, 'C723'),
	(845, 'C724'),
	(844, 'C725'),
	(847, 'C726'),
	(848, 'C727'),
	(849, 'C728'),
	(850, 'C729'),
	(851, 'C730'),
	(852, 'C731'),
	(853, 'C732'),
	(854, 'C733'),
	(855, 'C734'),
	(856, 'C735'),
	(857, 'C736'),
	(858, 'C737'),
	(859, 'C738'),
	(860, 'C739'),
	(861, 'C740'),
	(862, 'C741'),
	(863, 'C742'),
	(864, 'C743'),
	(865, 'C744'),
	(866, 'C745'),
	(867, 'C746'),
	(868, 'C747'),
	(869, 'C748'),
	(870, 'C749'),
	(871, 'C750'),
	(872, 'C751'),
	(873, 'C752'),
	(874, 'C753'),
	(875, 'C754'),
	(876, 'C755'),
	(877, 'C756'),
	(878, 'C757'),
	(879, 'C758'),
	(528, 'C759'),
	(529, 'C760'),
	(536, 'C761'),
	(539, 'C762'),
	(541, 'C763'),
	(543, 'C764'),
	(546, 'C765'),
	(548, 'C766'),
	(551, 'C767'),
	(522, 'C768'),
	(479, 'C769'),
	(482, 'C770'),
	(485, 'C771'),
	(488, 'C772'),
	(491, 'C773'),
	(494, 'C774'),
	(496, 'C775'),
	(501, 'C776'),
	(506, 'C777'),
	(503, 'C778'),
	(507, 'C779'),
	(508, 'C780'),
	(513, 'C781'),
	(516, 'C782'),
	(519, 'C783'),
	(525, 'C784'),
	(579, 'C785'),
	(655, 'C786'),
	(577, 'C787'),
	(653, 'C788'),
	(575, 'C789'),
	(612, 'C790'),
	(573, 'C791'),
	(583, 'C792'),
	(571, 'C793'),
	(570, 'C794'),
	(569, 'C795'),
	(557, 'C796'),
	(567, 'C797'),
	(648, 'C798'),
	(565, 'C799'),
	(646, 'C800'),
	(563, 'C801'),
	(644, 'C802'),
	(581, 'C803'),
	(642, 'C804'),
	(559, 'C805'),
	(627, 'C806'),
	(638, 'C807'),
	(636, 'C808'),
	(555, 'C809'),
	(554, 'C810'),
	(635, 'C811'),
	(633, 'C812'),
	(631, 'C813'),
	(629, 'C814'),
	(626, 'C815'),
	(625, 'C816'),
	(623, 'C817'),
	(619, 'C818'),
	(621, 'C819'),
	(614, 'C820'),
	(640, 'C821'),
	(656, 'C822'),
	(1, 'C823'),
	(4, 'C824'),
	(14, 'C825'),
	(40, 'C826'),
	(42, 'C827'),
	(9, 'C828'),
	(11, 'C829'),
	(13, 'C830'),
	(28, 'C831'),
	(17, 'C832'),
	(19, 'C833'),
	(23, 'C834'),
	(24, 'C835'),
	(26, 'C836'),
	(41, 'C837'),
	(30, 'C838'),
	(32, 'C839'),
	(36, 'C840'),
	(37, 'C841'),
	(38, 'C842'),
	(39, 'C843'),
	(91, 'C844'),
	(59, 'C845'),
	(89, 'C846'),
	(54, 'C847'),
	(55, 'C848'),
	(56, 'C849'),
	(95, 'C850'),
	(97, 'C851'),
	(93, 'C852'),
	(102, 'C853'),
	(92, 'C854'),
	(103, 'C855'),
	(60, 'C856'),
	(61, 'C857'),
	(63, 'C858'),
	(104, 'C859'),
	(65, 'C860'),
	(106, 'C861'),
	(67, 'C862'),
	(69, 'C863'),
	(108, 'C864'),
	(71, 'C865'),
	(76, 'C866'),
	(80, 'C867'),
	(81, 'C868'),
	(83, 'C869'),
	(85, 'C870'),
	(87, 'C871'),
	(121, 'C872'),
	(113, 'C873'),
	(125, 'C874'),
	(123, 'C875'),
	(130, 'C876'),
	(132, 'C877'),
	(116, 'C878'),
	(119, 'C879');

CREATE TABLE IF NOT EXISTS `tbl_availablesizes` (
  `availablesize_id` int NOT NULL AUTO_INCREMENT,
  `size_id` int DEFAULT NULL,
  `product_id` int DEFAULT NULL,
  `createdat` datetime DEFAULT NULL,
  `createdby` int DEFAULT NULL,
  `updatedat` datetime DEFAULT NULL,
  `updatedby` int DEFAULT NULL,
  `isdeleted` tinyint DEFAULT '0',
  PRIMARY KEY (`availablesize_id`)
) ENGINE=InnoDB AUTO_INCREMENT=57 DEFAULT CHARSET=utf8mb4 COLLATE=utf8mb4_0900_ai_ci;

INSERT INTO `tbl_availablesizes` (`availablesize_id`, `size_id`, `product_id`, `createdat`, `createdby`, `updatedat`, `updatedby`, `isdeleted`) VALUES
	(8, 2, 7, '2024-06-20 12:55:00', 3, NULL, NULL, 0),
	(10, 1, 6, '2024-06-20 12:57:00', 3, NULL, NULL, 0),
	(11, 3, 8, '2024-06-20 12:59:00', 3, NULL, NULL, 0),
	(13, NULL, 5, '2024-06-20 13:02:00', 3, NULL, NULL, 0),
	(15, 1, 2, '2024-06-20 13:04:00', 3, NULL, NULL, 0),
	(16, 4, 9, '2024-06-20 13:06:00', 3, NULL, NULL, 0),
	(18, 4, 11, '2024-06-20 13:08:00', 3, NULL, NULL, 0),
	(19, 1, 10, '2024-06-20 14:13:00', 3, NULL, NULL, 0),
	(20, 1, 3, '2024-06-20 14:13:00', 3, NULL, NULL, 0),
	(21, 1, 1, '2024-06-20 14:14:00', 3, NULL, NULL, 0),
	(22, 1, 4, '2024-06-20 14:14:00', 3, NULL, NULL, 0),
	(23, 4, 12, '2024-07-11 10:16:00', 3, NULL, NULL, 0),
	(24, 3, 13, '2024-07-11 10:17:00', 3, NULL, NULL, 0),
	(25, NULL, 14, '2024-07-11 11:49:00', 3, NULL, NULL, 0),
	(26, NULL, 15, '2024-07-11 11:49:00', 3, NULL, NULL, 0),
	(27, NULL, 16, '2024-07-11 11:49:00', 3, NULL, NULL, 0),
	(28, NULL, 17, '2024-07-11 11:50:00', 3, NULL, NULL, 0),
	(29, NULL, 18, '2024-07-11 11:50:00', 3, NULL, NULL, 0),
	(30, NULL, 19, '2024-07-11 11:51:00', 3, NULL, NULL, 0),
	(31, NULL, 20, '2024-07-11 16:28:00', 3, NULL, NULL, 0),
	(32, NULL, 21, '2024-07-11 16:29:00', 3, NULL, NULL, 0),
	(33, NULL, 22, '2024-07-11 16:29:00', 3, NULL, NULL, 0),
	(34, NULL, 23, '2024-07-11 16:31:00', 3, NULL, NULL, 0),
	(35, NULL, 24, '2024-07-11 16:31:00', 3, NULL, NULL, 0),
	(36, NULL, 25, '2024-07-11 16:34:00', 3, NULL, NULL, 0),
	(37, NULL, 26, '2024-07-11 16:34:00', 3, NULL, NULL, 0),
	(38, NULL, 27, '2024-07-11 16:35:00', 3, NULL, NULL, 0),
	(39, NULL, 28, '2024-07-11 16:35:00', 3, NULL, NULL, 0),
	(40, NULL, 29, '2024-07-11 16:36:00', 3, NULL, NULL, 0),
	(41, NULL, 30, '2024-07-11 16:36:00', 3, NULL, NULL, 0),
	(42, NULL, 31, '2024-07-11 16:37:00', 3, NULL, NULL, 0),
	(43, NULL, 32, '2024-07-11 16:37:00', 3, NULL, NULL, 0),
	(44, NULL, 33, '2024-07-11 16:37:00', 3, NULL, NULL, 0),
	(45, NULL, 34, '2024-07-12 13:08:00', 3, NULL, NULL, 0),
	(46, NULL, 35, '2024-07-12 13:09:00', 3, NULL, NULL, 0),
	(47, NULL, 36, '2024-07-12 13:09:00', 3, NULL, NULL, 0),
	(48, NULL, 37, '2024-07-12 13:10:00', 3, NULL, NULL, 0),
	(49, NULL, 38, '2024-07-12 13:15:00', 3, NULL, NULL, 0),
	(50, NULL, 39, '2024-07-12 13:16:00', 3, NULL, NULL, 0),
	(51, NULL, 40, '2024-07-12 13:16:00', 3, NULL, NULL, 0),
	(52, NULL, 41, '2024-07-12 13:17:00', 3, NULL, NULL, 0),
	(55, NULL, 43, '2024-07-17 14:10:00', 3, NULL, NULL, 0),
	(56, NULL, 42, '2024-07-18 15:32:00', 3, NULL, NULL, 0);

CREATE TABLE IF NOT EXISTS `tbl_contact` (
  `contact_id` int NOT NULL AUTO_INCREMENT,
  `contact` varchar(20) CHARACTER SET latin1 COLLATE latin1_swedish_ci NOT NULL,
  `type` varchar(50) CHARACTER SET latin1 COLLATE latin1_swedish_ci DEFAULT '1',
  `status` varchar(20) CHARACTER SET latin1 COLLATE latin1_swedish_ci DEFAULT 'Active',
  `isdeleted` int DEFAULT '0',
  `createdby` int DEFAULT NULL,
  `createdat` datetime DEFAULT NULL,
  `updatedby` int DEFAULT NULL,
  `updatedat` datetime DEFAULT NULL,
  PRIMARY KEY (`contact_id`)
) ENGINE=InnoDB AUTO_INCREMENT=2 DEFAULT CHARSET=latin1;

INSERT INTO `tbl_contact` (`contact_id`, `contact`, `type`, `status`, `isdeleted`, `createdby`, `createdat`, `updatedby`, `updatedat`) VALUES
	(1, '00919744187391', 'PRIMARY', 'Active', 0, 3, '2024-06-20 11:40:00', 3, '2024-06-20 11:41:00');

CREATE TABLE IF NOT EXISTS `tbl_login` (
  `user_Id` int NOT NULL AUTO_INCREMENT,
  `username` varchar(150) NOT NULL,
  `password` varchar(100) NOT NULL,
  `role` varchar(50) DEFAULT NULL,
  `status` varchar(50) DEFAULT NULL,
  PRIMARY KEY (`user_Id`) USING BTREE
) ENGINE=InnoDB AUTO_INCREMENT=4 DEFAULT CHARSET=utf8mb4 COLLATE=utf8mb4_0900_ai_ci;

INSERT INTO `tbl_login` (`user_Id`, `username`, `password`, `role`, `status`) VALUES
	(3, 'admin', '123456', '1', 'Active');

CREATE TABLE IF NOT EXISTS `tbl_product` (
  `id` int NOT NULL AUTO_INCREMENT,
  `producttype_id` int NOT NULL,
  `product_code` varchar(20) DEFAULT NULL,
  `title` text,
  `aboutproduct` text,
  `MRP` int NOT NULL,
  `offerprice` int DEFAULT NULL,
  `isfeatured` smallint DEFAULT '0',
  `image_1` text,
  `image_2` text,
  `image_3` text,
  `image_4` text,
  `orderno` int DEFAULT '0',
  `availablesizes` varchar(300) DEFAULT NULL,
  `label` varchar(250) DEFAULT NULL,
  `color` varchar(250) DEFAULT NULL,
  `createdat` datetime DEFAULT NULL,
  `createdby` int DEFAULT NULL,
  `updatedat` datetime DEFAULT NULL,
  `updatedby` int DEFAULT NULL,
  `status` varchar(50) DEFAULT 'Active',
  `isdeleted` tinyint DEFAULT '0',
  PRIMARY KEY (`id`)
) ENGINE=InnoDB AUTO_INCREMENT=44 DEFAULT CHARSET=utf8mb4 COLLATE=utf8mb4_0900_ai_ci;

INSERT INTO `tbl_product` (`id`, `producttype_id`, `product_code`, `title`, `aboutproduct`, `MRP`, `offerprice`, `isfeatured`, `image_1`, `image_2`, `image_3`, `image_4`, `orderno`, `availablesizes`, `label`, `color`, `createdat`, `createdby`, `updatedat`, `updatedby`, `status`, `isdeleted`) VALUES
	(39, 1, 'OW440439', '', '', 34, 0, 0, '240712131608000000439220.jpg', NULL, NULL, NULL, 0, NULL, '', '', '2024-07-12 13:16:00', 3, NULL, NULL, 'Active', 0),
	(40, 2, 'CW359640', '', '', 45, 0, 0, '240712131623000000358597.jpg', NULL, NULL, NULL, 0, NULL, '', '', '2024-07-12 13:16:00', 3, '2024-07-12 13:56:00', 3, 'Active', 0),
	(41, 3, 'MW971341', '', '', 34, 0, 0, '240712131704000000970138.jpg', NULL, NULL, NULL, 0, NULL, '', '', '2024-07-12 13:17:00', 3, NULL, NULL, 'Active', 0),
	(42, 4, 'KF986742', '', '', 34, 0, 0, '240712131752000000985659.jpg', '2407181532140000005553960.jpg', '2407181532140000005559331.jpg', '', 0, NULL, '', '', '2024-07-12 13:17:00', 3, '2024-07-18 15:32:00', 3, 'Active', 0),
	(43, 1, 'OW124143', '', '', 23, 0, 0, '2407171410390000005254760.jpg', '2407171410390000005349571.jpg', '', '', 0, NULL, '', '', '2024-07-12 16:09:00', 3, '2024-07-17 14:10:00', 3, 'Active', 0);

CREATE TABLE IF NOT EXISTS `tbl_producttype` (
  `producttype_id` int NOT NULL AUTO_INCREMENT,
  `producttype` varchar(250) DEFAULT NULL,
  `typecode` varchar(11) NOT NULL,
  `abouttype` text,
  `orderno` int DEFAULT '0',
  `createdat` datetime DEFAULT NULL,
  `createdby` int DEFAULT NULL,
  `updatedat` datetime DEFAULT NULL,
  `updatedby` int DEFAULT NULL,
  `status` varchar(50) DEFAULT 'Active',
  `isdeleted` smallint DEFAULT '0',
  PRIMARY KEY (`producttype_id`)
) ENGINE=InnoDB AUTO_INCREMENT=5 DEFAULT CHARSET=utf8mb4 COLLATE=utf8mb4_0900_ai_ci;

INSERT INTO `tbl_producttype` (`producttype_id`, `producttype`, `typecode`, `abouttype`, `orderno`, `createdat`, `createdby`, `updatedat`, `updatedby`, `status`, `isdeleted`) VALUES
	(1, 'Outdoor Wear', 'OW', NULL, 1, NULL, NULL, NULL, NULL, 'Active', 0),
	(2, 'Comfort Wear', 'CW', NULL, 2, NULL, NULL, NULL, NULL, 'Active', 0),
	(3, 'Maternity Wear', 'MW', NULL, 3, NULL, NULL, NULL, NULL, 'Active', 0),
	(4, 'Kaftans', 'KF', NULL, 4, NULL, NULL, NULL, NULL, 'Active', 0);

CREATE TABLE IF NOT EXISTS `tbl_size` (
  `size_id` int NOT NULL AUTO_INCREMENT,
  `size` varchar(50) DEFAULT NULL,
  `aboutsize` text,
  `orderno` int DEFAULT NULL,
  `createdat` datetime DEFAULT NULL,
  `createdby` int DEFAULT NULL,
  `updatedat` datetime DEFAULT NULL,
  `updatedby` int DEFAULT NULL,
  `status` varchar(50) DEFAULT 'Active',
  `isdeleted` tinyint DEFAULT '0',
  PRIMARY KEY (`size_id`)
) ENGINE=InnoDB AUTO_INCREMENT=5 DEFAULT CHARSET=utf8mb4 COLLATE=utf8mb4_0900_ai_ci;

INSERT INTO `tbl_size` (`size_id`, `size`, `aboutsize`, `orderno`, `createdat`, `createdby`, `updatedat`, `updatedby`, `status`, `isdeleted`) VALUES
	(1, 'Free Size', '', 0, '2024-06-20 12:08:00', 3, NULL, NULL, 'Active', 0),
	(2, 'S', '', 0, '2024-06-20 12:45:00', 3, NULL, NULL, 'Active', 0),
	(3, 'M', '', 0, '2024-06-20 12:45:00', 3, NULL, NULL, 'Active', 0),
	(4, 'L', '', 0, '2024-06-20 12:45:00', 3, NULL, NULL, 'Active', 0);

CREATE TABLE IF NOT EXISTS `tbl_statelist` (
  `state_id` int unsigned NOT NULL AUTO_INCREMENT,
  `state` varchar(50) NOT NULL,
  PRIMARY KEY (`state_id`) USING BTREE
) ENGINE=MyISAM AUTO_INCREMENT=37 DEFAULT CHARSET=latin1;

/*!40000 ALTER TABLE `tbl_statelist` DISABLE KEYS */;
INSERT INTO `tbl_statelist` (`state_id`, `state`) VALUES
	(1, 'ANDAMAN AND NICOBAR ISLANDS'),
	(2, 'ANDHRA PRADESH'),
	(3, 'ARUNACHAL PRADESH'),
	(4, 'ASSAM'),
	(5, 'BIHAR'),
	(6, 'CHANDIGARH'),
	(7, 'CHATTISGARH'),
	(8, 'DADRA AND NAGAR HAVELI'),
	(9, 'DAMAN AND DIU'),
	(10, 'DELHI'),
	(11, 'GOA'),
	(12, 'GUJARAT'),
	(13, 'HARYANA'),
	(14, 'HIMACHAL PRADESH'),
	(15, 'JAMMU AND KASHMIR'),
	(16, 'JHARKHAND'),
	(17, 'KARNATAKA'),
	(18, 'KERALA'),
	(19, 'LAKSHADWEEP'),
	(20, 'MADHYA PRADESH'),
	(21, 'MAHARASHTRA'),
	(22, 'MANIPUR'),
	(23, 'MEGHALAYA'),
	(24, 'MIZORAM'),
	(25, 'NAGALAND'),
	(26, 'ORISSA'),
	(27, 'PONDICHERRY'),
	(28, 'PUNJAB'),
	(29, 'RAJASTHAN'),
	(30, 'SIKKIM'),
	(31, 'TAMIL NADU'),
	(32, 'TRIPURA'),
	(33, 'UTTAR PRADESH'),
	(34, 'UTTARAKHAND'),
	(35, 'WEST BENGAL');
/*!40000 ALTER TABLE `tbl_statelist` ENABLE KEYS */;

CREATE TABLE IF NOT EXISTS `tbl_useraccount` (
  `userid` int NOT NULL AUTO_INCREMENT,
  `name` varchar(250) CHARACTER SET utf8mb4 COLLATE utf8mb4_0900_ai_ci NOT NULL,
  `phone` varchar(50) CHARACTER SET utf8mb4 COLLATE utf8mb4_0900_ai_ci NOT NULL,
  `email` text CHARACTER SET utf8mb4 COLLATE utf8mb4_0900_ai_ci NOT NULL,
  `password` text CHARACTER SET utf8mb4 COLLATE utf8mb4_0900_ai_ci NOT NULL,
  `status` varchar(20) CHARACTER SET latin1 COLLATE latin1_swedish_ci DEFAULT 'Active',
  `isdeleted` int DEFAULT '0',
  `createdby` int DEFAULT NULL,
  `createdat` datetime DEFAULT NULL,
  `updatedby` int DEFAULT NULL,
  `updatedat` datetime DEFAULT NULL,
  PRIMARY KEY (`userid`) USING BTREE
) ENGINE=InnoDB AUTO_INCREMENT=6 DEFAULT CHARSET=utf8mb4 COLLATE=utf8mb4_0900_ai_ci;

INSERT INTO `tbl_useraccount` (`userid`, `name`, `phone`, `email`, `password`, `status`, `isdeleted`, `createdby`, `createdat`, `updatedby`, `updatedat`) VALUES
	(1, 'manoj', '9497562467', 'manojf@vjcet.org', '123456', 'Active', 0, NULL, '2024-07-27 16:03:00', NULL, NULL),
	(2, 'manoj', '9497562467', 'manojf@vjcet.org', '123456', 'Active', 0, NULL, '2024-07-27 16:03:00', NULL, NULL),
	(3, 'asds', '6546545642', 'mmm@gmail.com', '123455', 'Active', 0, NULL, '2024-07-27 16:05:00', NULL, NULL),
	(4, 'dijo', '9788452234', 'dijo@vjcet.org', '123456', 'Active', 0, NULL, '2024-07-27 16:08:00', NULL, NULL),
	(5, 'justin', '9887542532', 'justin@gmail.com', '123456', 'Active', 0, NULL, '2024-07-27 16:12:00', NULL, NULL);

/*!40103 SET TIME_ZONE=IFNULL(@OLD_TIME_ZONE, 'system') */;
/*!40101 SET SQL_MODE=IFNULL(@OLD_SQL_MODE, '') */;
/*!40014 SET FOREIGN_KEY_CHECKS=IFNULL(@OLD_FOREIGN_KEY_CHECKS, 1) */;
/*!40101 SET CHARACTER_SET_CLIENT=@OLD_CHARACTER_SET_CLIENT */;
/*!40111 SET SQL_NOTES=IFNULL(@OLD_SQL_NOTES, 1) */;
